{
  "QD Score": {
    "x": [
      0,
      250,
      500,
      750,
      1000,
      1250,
      1500,
      1750,
      2000,
      2250,
      2500,
      2750,
      3000,
      3250,
      3500,
      3750,
      4000,
      4250,
      4500
    ],
    "y": [
      0.0,
      2854216.853884865,
      4723251.913209155,
      6062491.854582317,
      7127028.438608892,
      7999960.193536867,
      8721429.998191876,
      9340676.668463401,
      9876276.121084841,
      10363651.188560033,
      10785381.353384744,
      11189693.735309482,
      11538298.131915007,
      11864262.118185796,
      12170422.31823191,
      12455235.696991298,
      12713413.43422343,
      12953820.307919547,
      13184695.679307546
    ]
  },
  "Archive Coverage": {
    "x": [
      0,
      250,
      500,
      750,
      1000,
      1250,
      1500,
      1750,
      2000,
      2250,
      2500,
      2750,
      3000,
      3250,
      3500,
      3750,
      4000,
      4250,
      4500
    ],
    "y": [
      0.0,
      14.8668,
      24.1416,
      30.070000000000004,
      34.638000000000005,
      38.35,
      41.4072,
      44.0484,
      46.3156,
      48.3972,
      50.1996,
      51.955600000000004,
      53.4488,
      54.859199999999994,
      56.19,
      57.4296,
      58.54240000000001,
      59.5864,
      60.608399999999996
    ]
  }
}