{
  "QD Score": {
    "x": [
      0,
      250,
      500,
      750,
      1000,
      1250,
      1500,
      1750,
      2000,
      2250,
      2500,
      2750,
      3000,
      3250,
      3500,
      3750,
      4000,
      4250,
      4500
    ],
    "y": [
      0.0,
      2905755.609480393,
      4492861.63494851,
      5642189.663895117,
      6570431.294450834,
      7347374.5567256315,
      8019475.334179791,
      8590983.483463183,
      9100590.81840548,
      9550214.896620821,
      9954351.156004176,
      10311199.62233664,
      10635880.3834856,
      10927212.98945177,
      11198820.746961957,
      11444877.632302107,
      11674231.407779694,
      11886515.948218787,
      12086536.265674325
    ]
  },
  "Archive Coverage": {
    "x": [
      0,
      250,
      500,
      750,
      1000,
      1250,
      1500,
      1750,
      2000,
      2250,
      2500,
      2750,
      3000,
      3250,
      3500,
      3750,
      4000,
      4250,
      4500
    ],
    "y": [
      0.0,
      13.6152,
      20.956,
      26.2344,
      30.488,
      34.0252,
      37.0772,
      39.6436,
      41.9424,
      43.9516,
      45.7504,
      47.328399999999995,
      48.764,
      50.0452,
      51.251599999999996,
      52.336400000000005,
      53.3504,
      54.2884,
      55.1608
    ]
  }
}