{
  "QD Score": {
    "x": [
      0,
      250,
      500,
      750,
      1000,
      1250,
      1500,
      1750,
      2000,
      2250,
      2500,
      2750,
      3000,
      3250,
      3500,
      3750,
      4000,
      4250,
      4500
    ],
    "y": [
      0.0,
      -204159430.49868643,
      -162737576.65409398,
      -167968130.36123672,
      -173461231.56433237,
      -175764768.250458,
      -160183956.70803916,
      -157570218.55358556,
      -312888735.05866766,
      -266078568.58968067,
      -214215706.5832885,
      -202911888.44964102,
      -193432419.25923955,
      -189432621.03474247,
      -177567657.1846863,
      -136557379.79930612,
      -103717899.38966799,
      -82339137.77766952,
      -60006746.72922147
    ]
  },
  "Archive Coverage": {
    "x": [
      0,
      250,
      500,
      750,
      1000,
      1250,
      1500,
      1750,
      2000,
      2250,
      2500,
      2750,
      3000,
      3250,
      3500,
      3750,
      4000,
      4250,
      4500
    ],
    "y": [
      0.0,
      22.1868,
      34.6344,
      40.016,
      44.568799999999996,
      48.2244,
      54.152,
      58.0148,
      62.041999999999994,
      65.63560000000001,
      68.96719999999999,
      73.92,
      76.9524,
      78.7984,
      81.204,
      84.10640000000001,
      86.4232,
      87.7976,
      88.6276
    ]
  }
}