{
  "QD Score": {
    "x": [
      0,
      250,
      500,
      750,
      1000,
      1250,
      1500,
      1750,
      2000,
      2250,
      2500,
      2750,
      3000,
      3250,
      3500,
      3750,
      4000,
      4250,
      4500
    ],
    "y": [
      0.0,
      1519210.6463989723,
      1994395.4409851504,
      2159583.9212931655,
      2302234.7020727564,
      2484768.6058761673,
      2631228.224803284,
      2783310.9776091264,
      2911745.286743209,
      2964873.3308564085,
      3048874.0156389126,
      3105779.631876363,
      3150387.2560816975,
      3219302.1908137267,
      3382620.62251423,
      3506853.6956279427,
      3647426.4351813104,
      3693422.199451712,
      3755359.826886759
    ]
  },
  "Archive Coverage": {
    "x": [
      0,
      250,
      500,
      750,
      1000,
      1250,
      1500,
      1750,
      2000,
      2250,
      2500,
      2750,
      3000,
      3250,
      3500,
      3750,
      4000,
      4250,
      4500
    ],
    "y": [
      0.0,
      6.7944,
      8.7892,
      9.426,
      9.976799999999999,
      10.72,
      11.3224,
      11.9436,
      12.4572,
      12.6464,
      12.9688,
      13.178,
      13.3592,
      13.6504,
      14.355200000000002,
      14.8976,
      15.488399999999999,
      15.6836,
      15.9444
    ]
  }
}