{
  "QD Score": {
    "x": [
      0,
      250,
      500,
      750,
      1000,
      1250,
      1500,
      1750,
      2000,
      2250,
      2500,
      2750,
      3000,
      3250,
      3500,
      3750,
      4000,
      4250,
      4500
    ],
    "y": [
      0.0,
      -52688139.62105552,
      -46642567.431752846,
      -35262833.984434396,
      -31929589.346050404,
      -13639146.31747974,
      -3154254.030836363,
      3573013.357447394,
      6455573.704637976,
      11744579.48176413,
      13518475.919242086,
      14942779.638380649,
      16478399.072870187,
      17426735.985896457,
      17829801.098375253,
      18354192.374977168,
      18674893.458122343,
      18812742.83842993,
      18897736.893048447
    ]
  },
  "Archive Coverage": {
    "x": [
      0,
      250,
      500,
      750,
      1000,
      1250,
      1500,
      1750,
      2000,
      2250,
      2500,
      2750,
      3000,
      3250,
      3500,
      3750,
      4000,
      4250,
      4500
    ],
    "y": [
      0.0,
      23.6364,
      36.4832,
      49.851600000000005,
      59.8716,
      69.7688,
      76.08200000000001,
      79.8772,
      82.192,
      83.5404,
      85.5796,
      87.42999999999999,
      88.6708,
      90.1052,
      90.706,
      91.042,
      91.274,
      91.4872,
      91.5788
    ]
  }
}