{
  "QD Score": {
    "x": [
      0,
      250,
      500,
      750,
      1000,
      1250,
      1500,
      1750,
      2000,
      2250,
      2500,
      2750,
      3000,
      3250,
      3500,
      3750,
      4000,
      4250,
      4500
    ],
    "y": [
      0.0,
      4834360.294832571,
      7991501.836228954,
      10823591.136958485,
      13334180.699899586,
      15300093.89106599,
      16336385.59129001,
      16885031.69522475,
      17430042.16650091,
      17820522.634002317,
      18186027.920308065,
      18418721.264639273,
      18569044.72623744,
      18714656.490126107,
      18854568.81427537,
      18999135.958246112,
      19085282.827089727,
      19142805.42060163,
      19178615.593934752
    ]
  },
  "Archive Coverage": {
    "x": [
      0,
      250,
      500,
      750,
      1000,
      1250,
      1500,
      1750,
      2000,
      2250,
      2500,
      2750,
      3000,
      3250,
      3500,
      3750,
      4000,
      4250,
      4500
    ],
    "y": [
      0.0,
      21.1008,
      35.1756,
      47.824,
      59.5728,
      69.6468,
      75.244,
      78.4088,
      81.2468,
      83.0956,
      85.0,
      86.0024,
      86.7256,
      87.5016,
      88.1232,
      88.8304,
      89.226,
      89.5388,
      89.72200000000001
    ]
  }
}